date,new_cases,new_deaths,new_tests,new_vaccinations,hosp_patients,icu_patients,stringency_index,reproduction_rate,total_cases,total_tests,total_vaccinations,people_vaccinated,total_boosters,lag_1,lag_2,lag_3,lag_7,lag_14,rolling_mean_3,rolling_std_3,rolling_mean_7,rolling_std_7,months,target_t_plus,date_t_plus
2020-12-13,34249.94117647059,954.8235294117648,337274.1882940599,134575.9253969898,5022.95306048053,701.7275651119327,63.11625430785404,1.0204701680672268,475866.1176470588,8350138.791150826,161644.65686274512,0.0,0.0,962.9705882352941,965.3235294117648,937.5588235294117,300.97058823529414,52.029411764705884,961.0392156862745,5.510004531973679,831.3067226890755,183.49753671253538,12,968.4705882352941,2020-12-20
2020-12-20,37272.64705882353,968.4705882352941,394919.3268371515,134577.27833816624,4995.845917623387,696.7749699562233,64.34570808936665,1.0080991596638655,513138.76470588235,8750849.874547822,161646.28151260503,2.0294117647058822,0.0,954.8235294117648,962.9705882352941,965.3235294117648,485.11764705882354,59.44117647058823,962.0882352941177,6.866182612475512,900.3571428571429,106.15978689814388,12,848.8235294117648,2020-12-27
2020-12-27,32820.55882352941,848.8235294117648,388065.4609684784,134637.4548087545,4918.661043673807,703.7299378257239,65.55957363558514,0.972098319327731,545959.3235294118,9131620.888553424,161749.32563025207,1240.6764705882354,0.0,968.4705882352941,954.8235294117648,962.9705882352941,688.8529411764706,82.20588235294117,924.0392156862745,65.49511546628771,923.2100840336135,60.39493586497756,12,892.4705882352941,2021-01-03
2021-01-03,37224.705882352944,892.4705882352941,345784.01673846086,143114.87203564524,4980.106421825068,726.5588552750568,66.8913803582742,1.0122189075630252,583184.0294117647,9451047.58687275,179196.10668498167,16884.70588235294,0.17647058823529413,848.8235294117648,968.4705882352941,954.8235294117648,824.5,94.41176470588235,903.2549019607844,60.54816874338684,932.9201680672269,45.509203203384274,1,927.7058823529412,2021-01-10
2021-01-10,43888.58823529412,927.7058823529412,403816.40759247687,172626.8679740206,5150.282892413303,749.8688651613642,67.13444758516496,1.0239285714285715,627072.6176470588,9856595.749372752,241721.94292717087,128148.20588235294,0.5882352941176471,892.4705882352941,848.8235294117648,968.4705882352941,937.5588235294117,106.67647058823529,889.6666666666666,39.51585610240982,931.5126050420168,45.49419097087251,1,999.9705882352941,2021-01-17
2021-01-17,39530.470588235294,999.9705882352941,526804.054749014,215512.18646510126,5360.459363001538,776.6284548796044,66.64835514819018,0.9302268907563026,666603.0882352941,10390110.4914946,386481.9748976514,244554.64705882352,1.8823529411764706,927.7058823529412,892.4705882352941,848.8235294117648,965.3235294117648,142.5,940.0490196078431,54.80262108667832,936.4621848739496,51.300027526196004,1,1030.6764705882354,2021-01-24
2021-01-24,34860.08823529412,1030.6764705882354,526908.4487542905,243961.70983971425,5481.2030604805295,800.4153555222144,66.55108624062714,0.9056163865546218,701463.1764705882,10909589.381550623,569813.9042770955,423724.5294117647,4.029411764705882,999.9705882352941,927.7058823529412,892.4705882352941,962.9705882352941,192.7941176470588,986.1176470588235,52.86457693777305,946.1344537815128,62.3283290704351,1,942.0882352941177,2021-01-31
2021-01-31,30193.352941176472,942.0882352941177,520489.69338981906,266538.5810987442,5386.661043673807,807.7820880975975,66.56600220701371,0.9279680672268907,731656.5294117647,11422913.443875553,777787.3224520577,555838.3823529412,10.529411764705882,1030.6764705882354,999.9705882352941,927.7058823529412,954.8235294117648,300.97058823529414,990.9117647058824,44.98350331993156,944.3151260504202,62.2181991104188,1,806.0882352941177,2021-02-07
2021-02-07,24978.382352941175,806.0882352941177,543328.2288049929,283984.729779269,5060.303900816664,787.9177282360059,66.3820946439885,0.9472600840336135,756634.9117647059,11957713.233091239,1002778.3207390648,705095.9705882353,20.794117647058822,942.0882352941177,1030.6764705882354,999.9705882352941,968.4705882352941,485.11764705882354,926.2843137254904,113.12511573846899,921.1176470588235,79.56438855532167,2,668.9117647058823,2021-02-14
2021-02-14,20774.20588235294,668.9117647058823,540149.1221333321,283137.64882320235,4583.9621641219865,742.0029482063469,65.1552459044927,0.9660894957983194,777409.1176470588,12488697.980990399,1244923.4238580046,861650.0882352941,27.88235294117647,806.0882352941177,942.0882352941177,1030.6764705882354,848.8235294117648,688.8529411764706,805.6960784313725,136.58865751230954,895.4159663865546,123.65293127573985,2,550.2647058823529,2021-02-21
2021-02-21,20689.970588235294,550.2647058823529,519694.4575485058,292414.76569626736,4147.54899885588,691.7285537426791,65.0376408624759,1.018179831932773,798099.0882352941,13001754.689673873,1486517.1488753078,1003813.5294117647,33.205882352941174,668.9117647058823,806.0882352941177,942.0882352941177,892.4705882352941,824.5,675.0882352941177,128.0235569802233,846.529411764706,179.8757605006473,2,486.3529411764706,2021-02-28
2021-02-28,23144.29411764706,486.3529411764706,555961.3063857151,316737.5664057617,3957.312304178009,653.8965221064951,64.88423750113135,1.070644537815126,821243.3823529412,13554502.93337135,1766836.6010207112,1204695.6470588236,44.44117647058823,550.2647058823529,668.9117647058823,806.0882352941177,927.7058823529412,937.5588235294117,568.5098039215686,92.63689175461423,783.4789915966386,219.63671425741634,2,448.70588235294116,2021-03-07
2021-03-07,24926.882352941175,448.70588235294116,614203.000920857,378392.0314926099,4016.5644050183455,642.0645893333859,65.45079212298009,1.0779441176470588,846170.2647058824,14166891.867545022,2089362.3706964606,1364633.705882353,51.38235294117647,486.3529411764706,550.2647058823529,668.9117647058823,999.9705882352941,965.3235294117648,495.10784313725486,51.34233039536384,704.7268907563026,227.75457809117566,3,458.44117647058823,2021-03-14
2021-03-14,28355.352941176472,458.44117647058823,741973.4889550281,395649.91959103104,4300.711463841875,645.4931607619574,65.94028792129943,1.090668067226891,874525.6176470588,14916233.128049223,2441813.6203404437,1569774.7352941176,58.1764705882353,448.70588235294116,486.3529411764706,550.2647058823529,1030.6764705882354,962.9705882352941,464.5,19.541168502316513,622.9789915966386,190.99187521917315,3,488.38235294117646,2021-03-21
2021-03-21,33293.67647058824,488.38235294117646,779677.1958791085,404905.3099462641,4560.009783169606,665.455345635907,65.28159044230783,1.096822268907563,907819.2941176471,15707927.00339936,2803998.600490196,1807799.6764705882,63.94117647058823,458.44117647058823,448.70588235294116,486.3529411764706,942.0882352941177,954.8235294117648,465.1764705882353,20.67797668349404,558.1638655462185,132.75661952615022,3,535.5294117647059,2021-03-28
2021-03-28,38225.55882352941,535.5294117647059,765655.3323697526,491669.5797387265,4910.53499325364,699.8482027787641,66.09314506415657,1.0744714285714285,946044.8529411765,16486128.988553425,3249227.929971989,2086686.1764705882,70.41176470588235,488.38235294117646,458.44117647058823,448.70588235294116,806.0882352941177,968.4705882352941,494.1176470588235,38.862825478240595,519.5126050420167,75.6464429448104,3,586.3529411764706,2021-04-04
2021-04-04,36900.0,586.3529411764706,696595.1824826874,488938.53877233993,5187.6106235057405,739.8150095014531,66.88575010617338,1.0156773109243697,982944.8529411765,17188346.273007203,3688100.4483193276,2323556.1470588236,80.20588235294117,535.5294117647059,488.38235294117646,458.44117647058823,668.9117647058823,848.8235294117648,536.7549019607843,48.996789787269094,507.718487394958,50.839812368529394,4,613.9117647058823,2021-04-11
2021-04-11,32557.823529411766,613.9117647058823,665100.0282096575,574765.7164334044,5373.375329388094,787.0767742073356,66.52612825743388,0.9735689075630253,1015502.6764705882,17857747.267755106,4239575.594187675,2568171.882352941,95.47058823529412,586.3529411764706,535.5294117647059,488.38235294117646,550.2647058823529,892.4705882352941,578.5980392156863,39.762447000464554,516.8109243697479,63.76551274981082,4,596.0294117647059,2021-04-18
2021-04-18,31336.323529411766,596.0294117647059,696298.0234464315,623905.9086602952,5186.829110900699,799.4175305098565,65.18940556835824,0.9478441176470589,1046839.0,18555968.035612248,4852995.094537816,2752001.029411765,148.38235294117646,613.9117647058823,586.3529411764706,535.5294117647059,486.3529411764706,927.7058823529412,598.764705882353,13.981543692088094,532.4789915966387,68.34435527537045,4,556.8823529411765,2021-04-25
2021-04-25,27842.823529411766,556.8823529411765,696459.7025067349,657042.0947947489,4825.988774766244,794.9637489972515,63.085077837265814,0.9220050420168068,1074681.8235294118,19258003.714183673,5486916.74544818,3535388.382352941,278.1764705882353,596.0294117647059,613.9117647058823,586.3529411764706,448.70588235294116,999.9705882352941,588.9411764705882,29.167974925345856,547.9327731092437,57.63615771850838,4,474.8529411764706,2021-05-02
2021-05-02,23104.91176470588,474.8529411764706,639614.9545137641,754533.3784782223,4356.950959640194,766.661227988848,62.172220694408665,0.8841865546218487,1097786.7352941176,19899348.962082833,6210766.655322129,3741328.7352941176,478.8529411764706,556.8823529411765,596.0294117647059,613.9117647058823,458.44117647058823,1030.6764705882354,542.5882352941177,61.839919190893724,550.2773109243698,53.58015494368741,5,382.44117647058823,2021-05-09
2021-05-09,18460.058823529413,382.44117647058823,655875.3666114333,813084.9495566536,3866.8879344301104,712.7102475966913,60.98797699692968,0.8575890756302521,1116246.794117647,20554856.41376351,7012442.949579831,4441162.0,722.2941176470588,474.8529411764706,556.8823529411765,596.0294117647059,488.38235294117646,942.0882352941177,471.39215686274514,87.27206759989289,535.1428571428571,81.6084333760209,5,303.1764705882353,2021-05-16
2021-05-16,14407.382352941177,303.1764705882353,600549.427395747,823009.7784081943,3301.3375142620425,631.3348974566352,57.988103047349846,0.8262327731092437,1130654.1764705882,21088649.00620048,7843872.902836135,4892938.382352941,946.5588235294117,382.44117647058823,474.8529411764706,556.8823529411765,535.5294117647059,806.0882352941177,386.8235294117647,85.92209495458115,501.94957983193274,119.76039818792609,5,229.52941176470588,2021-05-23
2021-05-23,12009.64705882353,229.52941176470588,624813.0245436971,836429.8287583343,2774.9803714049,549.3419002577557,55.89545598852631,0.7925861344537816,1142663.8235294118,21712168.717685074,8697902.539915966,5393087.470588235,1308.264705882353,303.1764705882353,382.44117647058823,474.8529411764706,586.3529411764706,668.9117647058823,305.04901960784315,76.47307876789002,450.9747899159664,149.9750723506325,5,177.7058823529412,2021-05-30
2021-05-30,8776.470588235294,177.7058823529412,573648.0815846953,814825.5234362055,2310.921547875488,472.8671103417893,53.79369128264396,0.7676218487394958,1151440.294117647,22275800.691074435,9538695.807563024,5747828.970588235,1639.2058823529412,229.52941176470588,303.1764705882353,382.44117647058823,613.9117647058823,550.2647058823529,236.8039215686275,63.05082075352567,388.6596638655462,161.19364519303372,5,123.02941176470588,2021-06-06
2021-06-06,7334.823529411765,123.02941176470588,577938.5441515403,870215.2080440486,1970.1946571191856,395.80198429136914,52.93873329945069,0.7622995798319327,1158775.1176470588,22840958.904309727,10448790.44072281,6209797.294117647,2011.6470588235295,177.7058823529412,229.52941176470588,303.1764705882353,596.0294117647059,486.3529411764706,176.7549019607843,53.25636837768558,321.0882352941176,158.90053507189907,6,117.76470588235294,2021-06-13
2021-06-13,5840.117647058823,117.76470588235294,555838.8596595617,927202.1025538526,1733.3651253064606,339.30048369112905,51.72083413978682,0.7467004201680671,1164615.2352941176,23382705.779309727,11413080.213597612,6632674.264705882,2369.1176470588234,123.02941176470588,177.7058823529412,229.52941176470588,556.8823529411765,448.70588235294116,139.50000000000003,33.19181174298969,258.35714285714283,135.21066418985018,6,76.73529411764706,2021-06-20
2021-06-20,5081.911764705882,76.73529411764706,558945.9986969949,885614.2804109954,1540.153240552559,293.84550169833193,50.95289296331623,0.7517403361344538,1169697.1470588236,23922528.18162065,12340994.30285897,7067665.794117647,2712.823529411765,117.76470588235294,123.02941176470588,177.7058823529412,474.8529411764706,458.44117647058823,105.84313725490195,25.345200355970178,201.48319327731093,110.42726454392715,6,72.70588235294117,2021-06-27
2021-06-27,5941.441176470588,72.70588235294117,555135.8142050161,854715.2046967098,1400.057202137193,257.65282462750355,49.42331313138346,0.8387441176470588,1175638.5882352942,24457324.01264306,13242163.217190355,7324722.735294118,2972.3823529411766,76.73529411764706,117.76470588235294,123.02941176470588,382.44117647058823,488.38235294117646,89.06862745098039,24.93306494992301,157.23529411764704,84.94876161070428,6,61.55882352941177,2021-07-04
2021-07-04,9947.058823529413,61.55882352941177,579468.3355953906,837815.7457891466,1317.5686066990177,233.28727840901618,46.038019013736395,1.0087214285714285,1185585.6470588236,25016625.335682277,14113700.92374863,7645588.823529412,3358.764705882353,72.70588235294117,76.73529411764706,117.76470588235294,303.1764705882353,535.5294117647059,70.33333333333333,7.86149200322742,122.71848739495798,61.66176963272468,7,45.029411764705884,2021-07-11
2021-07-11,15401.558823529413,45.029411764705884,599887.2393387061,791238.0293185584,1296.79549745532,221.40912714851197,43.92663245911455,1.168810924369748,1200987.205882353,25592564.620486196,14934534.19641335,7883472.264705882,3762.029411764706,61.55882352941177,72.70588235294117,76.73529411764706,229.52941176470588,586.3529411764706,59.76470588235295,13.925189393831129,96.36134453781514,45.78422045467799,7,36.85294117647059,2021-07-18
2021-07-18,21795.0,36.85294117647059,630215.9666114333,771708.2810902671,1354.9677663628831,224.95534563590695,44.37142237508094,1.2332340336134453,1222782.205882353,26198873.092685074,15710903.60136098,7565423.5,4208.088235294118,45.029411764705884,61.55882352941177,72.70588235294117,177.7058823529412,613.9117647058823,47.81372549019608,12.58608191221156,76.23949579831933,33.33482592637223,7,50.73529411764706,2021-07-25
2021-07-25,22058.764705882353,50.73529411764706,625053.9833278838,722742.0700048329,1470.3165058586815,240.67383303086493,44.09461565239186,1.260159243697479,1244840.9705882352,26801640.18477191,16426591.61583242,8195835.264705882,4554.441176470588,36.85294117647059,45.029411764705884,61.55882352941177,123.02941176470588,596.0294117647059,44.20588235294118,6.9777203523050115,65.91176470588236,27.02405588191214,7,63.35294117647059,2021-08-01
2021-08-01,19923.91176470588,63.35294117647059,614658.2612447736,656112.432995029,1589.2534806485974,266.3965221064952,43.58096019020699,1.2323693277310923,1264764.8823529412,27392612.317965187,17075900.753623188,8599981.05882353,4923.676470588235,50.73529411764706,36.85294117647059,45.029411764705884,117.76470588235294,556.8823529411765,50.31372549019608,13.25502886005266,58.13865546218487,14.586917973851332,8,77.97058823529412,2021-08-08
2021-08-08,19463.147058823528,77.97058823529412,594015.1171169125,584262.9190621481,1656.1946571191856,291.5687910140582,42.2070946439885,1.2049626050420168,1284228.0294117648,27958546.19527611,17648146.21034793,8299959.352941177,5324.5,63.35294117647059,50.73529411764706,36.85294117647059,76.73529411764706,474.8529411764706,64.01960784313725,13.62988058466048,58.315126050420176,14.854413771731911,8,89.23529411764706,2021-08-15
2021-08-15,20262.058823529413,89.23529411764706,623487.6630738892,533149.8150651648,1723.7072621612024,311.49316076195737,42.839699686005304,1.2038121848739496,1304490.0882352942,28559130.279309727,18163244.740037877,9068777.411764706,5734.264705882353,77.97058823529412,63.35294117647059,50.73529411764706,72.70588235294117,382.44117647058823,76.8529411764706,12.977322514835688,60.6764705882353,18.41128703256983,8,114.32352941176471,2021-08-22
2021-08-22,21186.617647058825,114.32352941176471,621973.8182514441,491051.8015282115,1812.0770100603622,332.3671103417893,42.00806103054312,1.1857747899159663,1325676.705882353,29159270.85564026,18621772.09120307,9205907.55882353,7098.058823529412,89.23529411764706,77.97058823529412,63.35294117647059,61.55882352941177,303.1764705882353,93.84313725490195,18.609359119223306,68.21428571428571,27.426722725457893,8,120.70588235294117,2021-08-29
2021-08-29,21406.441176470587,120.70588235294117,634131.51670631,465385.00136660837,1900.4719680435553,353.4301355518733,41.39831313138345,1.1594882352941178,1347083.1470588236,29777393.25970188,19052737.986736543,9163997.5,10894.0,114.32352941176471,89.23529411764706,77.97058823529412,45.029411764705884,229.52941176470588,108.08823529411764,16.63606475459574,79.02521008403362,31.392800274036997,8,138.38235294117646,2021-09-05
2021-09-05,21170.058823529413,138.38235294117646,664477.0237746211,430069.7135999633,1981.6459176233873,368.018370845991,40.603355148190175,1.1257378151260504,1368253.205882353,30429614.960682277,19438522.29317227,9437264.529411765,31139.529411764706,120.70588235294117,114.32352941176471,89.23529411764706,36.85294117647059,177.7058823529412,124.4705882352941,12.463406644668895,93.52941176470588,32.107150119741384,9,153.94117647058823,2021-09-12
2021-09-12,20337.91176470588,153.94117647058823,712671.7808429324,365997.7565756151,2058.4534806485976,376.96795067792374,40.625287921299424,1.1018432773109244,1388591.1176470588,31130990.966354545,19759404.07229707,9567665.61764706,46434.41176470588,138.38235294117646,120.70588235294117,114.32352941176471,50.73529411764706,123.02941176470588,137.67647058823528,16.628887400960775,108.27310924369748,32.86797589116728,9,166.76470588235293,2021-09-19
2021-09-19,19117.382352941175,166.76470588235293,694086.7783344861,327050.35865490837,2145.135833589774,374.6738330308649,40.93688455995488,1.0700373949579833,1407708.5,31805544.20003802,20044636.02579162,9662592.61764706,67982.61764705883,153.94117647058823,138.38235294117646,120.70588235294117,63.35294117647059,117.76470588235294,153.02941176470588,14.213126882519589,123.04621848739495,32.5513827565023,9,174.58823529411765,2021-09-26
2021-09-26,19921.676470588234,174.58823529411765,681021.8479924672,305079.79138492345,2206.3606235057405,364.73265656027667,40.92915346751791,1.0425042016806723,1427630.1764705882,32472501.596536614,20296606.712742057,9170020.94117647,94121.29411764706,166.76470588235293,153.94117647058823,138.38235294117646,77.97058823529412,76.73529411764706,165.09803921568627,10.423943248548218,136.84873949579833,30.68320677159413,9,202.35294117647058,2021-10-03
2021-10-03,21365.852941176472,202.35294117647058,655756.1373061156,313469.206115944,2299.9719680435555,356.74105992162123,39.74579212298009,1.0671016806722688,1448996.0294117648,33122470.151718687,20558770.85994398,9414007.44117647,119648.5294117647,174.58823529411765,166.76470588235293,153.94117647058823,89.23529411764706,72.70588235294117,181.23529411764707,18.702089885625302,153.00840336134453,31.210500823820944,10,241.2941176470588,2021-10-10
2021-10-10,23515.882352941175,241.2941176470588,635997.4501491757,343387.7460621186,2376.9845730855723,352.29148008968843,39.154027417097744,1.100568487394958,1472511.9117647058,33748699.42846939,20827445.96176471,9071149.323529411,223311.76470588235,202.35294117647058,174.58823529411765,166.76470588235293,114.32352941176471,61.55882352941177,206.07843137254903,33.50862788927573,171.14705882352942,40.49556414114058,10,277.8529411764706,2021-10-17
2021-10-17,27118.5,277.8529411764706,656092.7997569417,321402.64331798174,2497.942556278849,353.7956817703607,39.19226271121539,1.1514756302521008,1499630.4117647058,34383015.93932373,21099448.37352941,9686361.735294119,315175.85294117645,241.2941176470588,202.35294117647058,174.58823529411765,120.70588235294117,45.029411764705884,240.5,37.756263945576606,193.59663865546216,50.25483706939048,10,365.47058823529414,2021-10-24
2021-10-24,33984.0,365.47058823529414,673562.0793596848,362470.5560919148,2657.282892413303,366.6108078207809,39.240960190206984,1.2252676470588235,1533614.4117647058,35046659.000598244,21422932.092016805,9913609.029411765,454210.9411764706,277.8529411764706,241.2941176470588,202.35294117647058,138.38235294117646,36.85294117647059,294.8725490196079,63.81378573857179,226.03781512605045,75.584742259805,10,425.61764705882354,2021-10-31
2021-10-31,37357.294117647056,425.61764705882354,647946.1587102514,400325.36167149956,2840.3017999763288,388.41402910929634,39.50486775323219,1.2254655462184874,1570971.705882353,35700207.720766306,21771438.55672269,8537234.0,559499.0882352941,365.47058823529414,277.8529411764706,241.2941176470588,153.94117647058823,50.73529411764706,356.3137254901961,74.30671690785401,264.8487394957983,98.63103689233651,10,488.9117647058824,2021-11-07
2021-11-07,40419.205882352944,488.9117647058824,693452.1348011156,406755.03915131505,3013.3165058586815,422.8853176247025,39.532850946509505,1.213059243697479,1611390.9117647058,36391873.34821729,22119880.03775677,9906921.44117647,789731.6176470588,425.61764705882354,365.47058823529414,277.8529411764706,166.76470588235293,63.35294117647059,426.6666666666667,61.727273904765056,310.8697478991597,118.41080873096024,11,527.5588235294117,2021-11-14
2021-11-14,47949.64705882353,527.5588235294117,763108.2900045338,478897.9021847637,3125.980671524948,452.1177105818854,39.59990977003892,1.1706726890756303,1659340.5588235294,37158993.47538816,22556106.053034548,10118224.676470589,1022695.9705882353,488.9117647058824,425.61764705882354,365.47058823529414,174.58823529411765,77.97058823529412,480.69607843137254,51.46478398645702,361.29411764705884,125.63830567292855,11,560.9117647058823,2021-11-21
2021-11-21,57009.58823529412,560.9117647058823,858696.7211883443,528474.9770117534,3213.5959176233873,481.62281262270164,40.67696859356833,1.1328294117647058,1716350.1470588236,38015461.98379152,23070282.031512603,10020336.852941176,1276428.0588235294,527.5588235294117,488.9117647058824,425.61764705882354,202.35294117647058,89.23529411764706,525.7941176470588,36.03242484399694,412.51680672268907,123.10460553303238,11,555.4411764705883,2021-11-28
2021-11-28,63191.205882352944,555.4411764705883,897368.1602152919,653579.0297799194,3263.6985586798096,523.3671103417893,41.350876156593536,1.095168487394958,1779541.3529411764,38920117.65395958,23719110.105158728,10056781.55882353,1724834.4411764706,560.9117647058823,527.5588235294117,488.9117647058824,241.2941176470588,114.32352941176471,547.970588235294,17.88747991518462,457.3949579831933,106.41137972532245,11,541.5294117647059,2021-12-05
2021-12-05,66369.58823529411,541.5294117647059,941141.7586769226,766585.7439626514,3330.820707539354,560.2620683249826,42.53545598852631,1.0556411764705884,1845910.9411764706,39891338.534211695,24491102.273902893,8988254.764705881,2040752.0882352942,555.4411764705883,560.9117647058823,527.5588235294117,277.8529411764706,120.70588235294117,552.6274509803922,9.992831917659027,495.06302521008405,73.99479475398003,12,522.2058823529412,2021-12-12
2021-12-12,64706.05882352941,522.2058823529412,973548.297449223,855821.9457598695,3411.8837327494375,579.1066061401086,43.02982573642547,1.031923949579832,1910617.0,40868534.69177471,25418764.255526826,10197889.61764706,2937890.3235294116,541.5294117647059,555.4411764705883,560.9117647058823,365.47058823529414,138.38235294117646,539.7254901960785,16.690919493569613,517.4537815126051,47.054031181048224,12,481.38235294117646,2021-12-19
2021-12-19,72405.64705882352,481.38235294117646,1079051.6119205991,1012865.0001390817,3427.039194934312,582.7956817703607,43.058103047349846,1.0550831932773108,1983022.6470588236,41963925.02580833,26466250.063605186,10183760.911764706,3654367.205882353,522.2058823529412,541.5294117647059,555.4411764705883,425.61764705882354,153.94117647058823,515.0392156862745,30.70729562520122,525.4201680672269,30.842395786021054,12,426.3235294117647,2021-12-26
2021-12-26,93786.38235294117,426.3235294117647,1126086.2233107428,688317.0696037004,3363.823858799858,573.6475725266632,43.504741702812034,1.1505344537815125,2076809.0294117648,43087782.55907163,27098282.79723973,10024907.205882354,4089027.911764706,481.38235294117646,522.2058823529412,541.5294117647059,488.9117647058824,166.76470588235293,476.6372549019607,48.11697588102692,516.4789915966387,47.67107454036562,12,411.2647058823529,2022-01-02
2022-01-02,158807.70588235295,411.2647058823529,1243450.9309245353,551845.1965521822,3573.756631909102,569.0047153838061,43.93806103054312,1.3429710084033615,2235616.7352941176,44325636.31467387,27646472.884488795,9935895.94117647,4473899.117647059,426.3235294117647,481.38235294117646,522.2058823529412,527.5588235294117,174.58823529411765,439.65686274509795,36.91144051103542,499.8655462184874,61.44160555407823,1,392.8235294117647,2022-01-09
2022-01-09,213710.5588235294,392.8235294117647,1417435.562908076,732391.4072602547,4003.740875606581,567.3124884930498,44.291842543148164,1.4167550420168067,2449327.294117647,45758438.90325931,28374727.21386555,10471739.88235294,5046956.823529412,411.2647058823529,426.3235294117647,481.38235294117646,560.9117647058823,202.35294117647058,410.1372549019607,16.778434351418092,475.8529411764706,66.2640444515855,1,438.6764705882353,2022-01-16
2022-01-16,226973.76470588235,438.6764705882353,1412872.5887785833,733388.1964098488,4342.396337791455,559.9763540392682,43.3452459044927,1.3274617647058822,2676301.0588235296,47196665.83253102,29092377.070588235,10613045.264705881,5519721.588235294,392.8235294117647,411.2647058823529,426.3235294117647,555.4411764705883,241.2941176470588,414.2549019607843,23.072256241507283,459.1722689075631,56.92924043532358,1,454.8529411764706,2022-01-23
2022-01-23,276553.20588235295,454.8529411764706,1402825.0981429648,581300.0472286493,4540.835413421707,538.518370845991,42.18314506415657,1.2837159663865545,2952854.2647058824,48649070.100038014,29651650.958823532,10661714.676470589,5880369.647058823,438.6764705882353,392.8235294117647,411.2647058823529,541.5294117647059,277.8529411764706,428.78431372549016,32.176125567206945,446.78991596638656,43.9854700653048,1,471.88235294117646,2022-01-30
2022-01-30,295750.4705882353,471.88235294117646,1319091.6628299206,476394.5710552531,4780.1568419931355,518.5225725266633,41.59444758516497,1.1940693277310923,3248604.7352941176,50024963.52720889,30101099.38655462,10671805.323529411,6252975.617647059,454.8529411764706,438.6764705882353,392.8235294117647,522.2058823529412,365.47058823529414,455.1372549019607,16.604766828538793,439.6008403361344,32.11596749694349,1,517.3235294117648,2022-02-06
2022-02-06,255218.58823529413,517.3235294117648,1170488.0394023678,373309.9996012169,4983.921547875488,512.1318162241422,40.10133834146749,1.0744214285714284,3503823.3235294116,51253624.90220889,30433503.772689074,10633303.470588235,6336089.0,471.88235294117646,454.8529411764706,438.6764705882353,481.38235294117646,425.61764705882354,481.35294117647055,32.29415782703876,444.73529411764713,41.43105820059956,2,523.9705882352941,2022-02-13
2022-02-13,197036.88235294117,523.9705882352941,933187.8949642896,307711.8778034069,4902.224068883891,500.53937924935235,38.55150640869438,0.9365722689075631,3700860.205882353,52263148.17566827,30690952.00210084,10566030.38235294,6510016.705882353,517.3235294117648,471.88235294117646,454.8529411764706,426.3235294117647,488.9117647058824,504.39215686274514,28.349803544555243,458.68487394957987,49.793404539225676,2,508.8235294117647,2022-02-20
2022-02-20,147579.41176470587,508.8235294117647,838497.6929186229,253380.89892640157,4524.979904551492,469.3180907339461,35.42608624062716,0.8285399159663865,3848439.617647059,53094953.611242495,30884058.18907563,9669811.764705881,6707694.088235294,523.9705882352941,517.3235294117648,471.88235294117646,411.2647058823529,527.5588235294117,516.7058823529411,7.592395120624993,472.6218487394958,47.92674337223828,2,427.2352941176471,2022-02-27
2022-02-27,117393.91176470589,427.2352941176471,703812.3685722175,216494.42343620548,4009.2359948664052,430.01257761960954,32.29953161877842,0.7983983193277311,3965833.529411765,53798595.67986995,31026343.592436973,10520661.970588235,6661340.970588235,508.8235294117647,523.9705882352941,517.3235294117648,392.8235294117647,560.9117647058823,486.6764705882353,52.03170613103587,477.5378151260505,39.38027610349651,2,357.2647058823529,2022-03-06
2022-03-06,113794.5294117647,357.2647058823529,649021.1283761392,183078.42441659764,3493.562113192524,389.6965603035922,30.118439181803623,0.8431163865546218,4079628.0588235296,54454891.05381953,31135091.19257703,8681836.147058824,5770817.794117647,427.2352941176471,508.8235294117647,523.9705882352941,438.6764705882353,555.4411764705883,431.10784313725486,75.85358741903217,465.9075630252101,59.60063511445936,3,304.0,2022-03-13
2022-03-13,133573.70588235295,304.0,648975.7822776998,180631.05774993097,3227.7592102131503,358.87436779022323,27.53011985407253,0.917336974789916,4213201.764705882,55127534.91502401,31243540.393016297,8703741.529411765,5918033.117647059,357.2647058823529,427.2352941176471,508.8235294117647,454.8529411764706,541.5294117647059,362.8333333333333,61.80608091305937,444.35714285714295,85.78492900939682,3,289.0882352941176,2022-03-20
2022-03-20,148370.4411764706,289.0882352941176,704398.9237542904,168143.16559306823,3189.1568981653363,341.1243902591038,24.508733299450682,0.9537105042016807,4361572.205882353,55838941.07202681,31341575.692640692,8931624.588235294,5981730.05882353,304.0,357.2647058823529,427.2352941176471,471.88235294117646,522.2058823529412,316.7843137254902,35.84113270449241,418.24369747899163,102.25110963530311,3,276.2647058823529,2022-03-27
2022-03-27,149769.17647058822,276.2647058823529,670178.8531660552,178815.88024735101,3216.6506630509703,329.9828110338308,23.858733299450684,0.9299340336134454,4511341.382352941,56520351.68967387,31446045.076230492,8982016.647058824,6039967.470588235,289.0882352941176,304.0,357.2647058823529,517.3235294117648,481.38235294117646,289.78431372549016,13.88074309376782,383.8067226890756,103.90028942862088,3,257.1764705882353,2022-04-03
2022-04-03,127263.41176470589,257.1764705882353,627854.8762752989,176915.38700566837,3266.4293143304862,322.9821490043131,22.152472795249,0.8450373949579832,4638604.794117647,57153339.41236295,31544902.389605843,8664587.323529411,5937074.294117647,276.2647058823529,289.0882352941176,304.0,523.9705882352941,426.3235294117647,274.1764705882353,16.058042428756202,345.6932773109244,92.18865563995898,4,237.02941176470588,2022-04-10
2022-04-10,100553.17647058824,237.02941176470588,575240.2271156351,178515.93540853827,3222.3240428101135,307.6319221488651,20.575834139786817,0.7727693277310924,4739157.970588235,57720875.17846939,31643721.807848137,8938319.588235294,6193490.794117647,257.1764705882353,276.2647058823529,289.0882352941176,508.8235294117647,411.2647058823529,256.8235294117647,19.620028076693956,306.8655462184874,65.36525196243308,4,212.97058823529412,2022-04-17
2022-04-17,81834.85294117648,212.97058823529412,436176.77669546695,162119.5208562261,3104.09040071074,292.49935735824295,20.058943383484298,0.7565436974789916,4820992.823529412,58126053.33505203,31721824.701767374,8925733.794117646,6119214.735294118,237.02941176470588,257.1764705882353,276.2647058823529,427.2352941176471,392.8235294117647,235.72549019607845,22.13176828099256,276.2563025210084,47.266272880195764,4,187.5,2022-04-24
2022-04-24,68295.23529411765,187.5,392531.73635933246,167327.97467459558,2995.9621801917633,283.1284089788912,19.23663245911455,0.8013899159663866,4889288.05882353,58480968.478889555,31806049.80522209,8469477.55882353,5934321.205882353,212.97058823529412,237.02941176470588,257.1764705882353,357.2647058823529,438.6764705882353,212.5,24.76805901569703,252.00420168067225,42.03723026034638,4,163.44117647058823,2022-05-01
2022-05-01,56161.26470588235,163.44117647058823,366949.2925418054,170409.0363361023,2786.973399385323,268.2728726467113,18.186716492727992,0.8191159663865546,4945449.323529412,58806651.23729292,31890013.730292115,9150597.411764706,6323835.617647059,187.5,212.97058823529412,237.02941176470588,304.0,454.8529411764706,187.97058823529414,24.76805901569758,231.92436974789916,46.404420059097546,5,143.41176470588235,2022-05-08
2022-05-08,45216.44117647059,143.41176470588235,333765.1921016294,159814.0342721188,2571.774789172007,249.27287264671128,16.577010610375055,0.8223197478991596,4990665.764705882,59081223.96663465,31960788.684307057,8706840.205882354,6226526.147058823,163.44117647058823,187.5,212.97058823529412,289.0882352941176,471.88235294117646,164.7843137254902,22.074785074871258,211.11344537815128,49.083827821054065,5,124.55882352941177,2022-05-15
2022-05-15,41590.82352941176,124.55882352941177,322751.3881800608,154782.96358068433,2362.8627243460764,233.89952330697537,16.27990977003892,0.8536046218487394,5032256.588235294,59336015.27006603,32027991.54887135,8911541.205882354,6234131.970588235,143.41176470588235,163.44117647058823,187.5,276.2647058823529,517.3235294117648,143.80392156862743,19.444142635112115,189.44117647058823,49.01451836323781,5,105.82352941176471,2022-05-22
2022-05-22,33497.64705882353,105.82352941176471,329630.8783761392,148791.1003933041,2172.6592429535194,221.89532162630312,15.408145064156566,0.8665991596638656,5065754.235294118,59572263.48204082,32090557.796767935,8636859.588235294,6238153.264705882,124.55882352941177,143.41176470588235,163.44117647058823,257.1764705882353,523.9705882352941,124.59803921568628,18.79414833224241,167.81932773109244,47.51464422037926,5,84.58823529411765,2022-05-29
2022-05-29,25061.352941176472,84.58823529411765,293815.2607290804,140103.77938858644,2009.041896014744,209.84280061789974,15.342472795249003,0.9016294117647059,5090815.588235294,59737830.754099645,32140068.014297836,8680166.823529411,5957048.617647059,105.82352941176471,124.55882352941177,143.41176470588235,237.02941176470588,508.8235294117647,104.99019607843138,19.998320287027095,146.04201680672267,45.39359097745499,5,74.0,2022-06-05
2022-06-05,26960.235294117647,74.0,284017.8783761392,136400.45445861446,1886.3457675633633,201.19078981357802,15.15007783726581,0.9652340336134453,5117775.823529412,59888001.359141655,32183725.33834034,8929610.647058824,6308365.44117647,84.58823529411765,105.82352941176471,124.55882352941177,212.97058823529412,427.2352941176471,88.13725490196079,16.20589124943001,126.18907563025209,41.46306028580685,6,71.91176470588235,2022-06-12
2022-06-12,32029.176470588234,71.91176470588235,281506.8489643745,135496.7587303231,1853.779441032751,196.03292666831993,14.967178677601945,1.067646218487395,5149805.0,60030890.50788115,32226053.576948665,8681589.147058824,6329945.147058823,74.0,84.58823529411765,105.82352941176471,187.5,357.2647058823529,76.83333333333333,6.796621217729637,109.67647058823528,35.57491243085715,6,75.11764705882354,2022-06-19
2022-06-19,41895.029411764706,75.11764705882354,297489.55484672746,134225.0381420878,1898.9485586798098,195.93193627216147,14.724909770038918,1.1261168067226892,5191700.029411765,60163657.995066024,32267239.07535912,8754673.529411765,6238985.176470588,71.91176470588235,74.0,84.58823529411765,163.44117647058823,304.0,73.67647058823529,1.6272442581852689,97.05882352941175,28.23319538767767,6,84.3529411764706,2022-06-26
2022-06-26,59240.029411764706,84.3529411764706,299996.9077879039,140798.8592205192,2061.3471181035793,202.1354176647185,14.677388761635557,1.176308823529412,5250940.05882353,60209517.728889555,32314772.756833117,8746458.88235294,6352727.676470588,75.11764705882354,71.91176470588235,74.0,143.41176470588235,289.0882352941176,77.12745098039215,6.459504767844393,88.6218487394958,19.567176666594644,6,101.8529411764706,2022-07-03
2022-07-03,78589.35294117648,101.8529411764706,302173.64308202156,146185.41069110742,2357.960563481731,213.7734728868073,14.583901366677575,1.1560336134453781,5329529.411764706,60209517.728889555,32367007.36556777,8507528.55882353,6293549.823529412,84.3529411764706,75.11764705882354,71.91176470588235,124.55882352941177,276.2647058823529,87.10784313725492,13.578884398203405,85.3781512605042,13.584249782306344,7,123.58823529411765,2022-07-10
2022-07-10,90630.91176470589,123.58823529411765,302173.64308202156,150553.7275211728,2622.557502257241,223.3385989372275,14.595035820459087,1.0896323529411764,5420160.323529412,60209517.728889555,32423760.454963908,8873088.176470589,6416258.705882353,101.8529411764706,84.3529411764706,75.11764705882354,105.82352941176471,257.1764705882353,103.26470588235294,19.65570873343107,87.91596638655462,18.726561117381916,7,161.6764705882353,2022-07-17
2022-07-17,85899.08823529411,161.6764705882353,302173.64308202156,150461.45170417932,2854.0211877314305,237.3046853718013,14.410161870879255,1.0530907563025211,5506059.411764706,60209517.728889555,32484864.0037438,8598159.11764706,6422319.676470588,123.58823529411765,101.8529411764706,84.3529411764706,84.58823529411765,237.02941176470588,129.0392156862745,30.28198405400689,98.92857142857143,33.378387330927936,7,184.64705882352942,2022-07-24
2022-07-24,70522.11764705883,184.64705882352942,302173.64308202156,154035.8298087545,2938.264164922307,248.93865896123705,14.050077837265809,1.0133415966386554,5576581.529411765,60209517.728889555,32548058.112047512,8608110.852941176,6466879.647058823,161.6764705882353,123.58823529411765,101.8529411764706,74.0,212.97058823529412,156.63725490196077,30.83975119466475,114.73529411764706,44.08695664537227,7,183.64705882352942,2022-07-31
2022-07-31,54370.617647058825,183.64705882352942,302173.64308202156,155025.63373032314,2870.30462110478,253.21633002966445,13.995624055753204,0.9427268907563026,5630952.147058823,60209517.728889555,32611024.55298427,8595337.852941176,6540224.55882353,184.64705882352942,161.6764705882353,123.58823529411765,71.91176470588235,187.5,176.65686274509804,12.983031690644928,130.69747899159665,46.17610438934351,7,160.14705882352942,2022-08-07
2022-08-07,41127.41176470588,160.14705882352942,302173.64308202156,145963.8837303231,2671.1124242260285,244.95834683638714,13.629531618778415,0.8994046218487395,5672079.55882353,60209517.728889555,32667384.87053167,8595986.852941176,6524273.764705882,183.64705882352942,184.64705882352942,161.6764705882353,75.11764705882354,163.44117647058823,176.14705882352942,13.865424623870886,142.84453781512607,39.872083942735856,8,145.02941176470588,2022-08-14
2022-08-14,32603.117647058825,145.02941176470588,302173.64308202156,140188.11412247998,2481.8390148622825,233.49045968152518,13.606212291047322,0.8895626050420169,5704682.676470588,60209517.728889555,32717547.229675714,8325209.117647059,6448401.117647059,160.14705882352942,183.64705882352942,184.64705882352942,84.3529411764706,143.41176470588235,162.94117647058826,19.459855758957474,151.5126050420168,30.540294525720693,8,121.29411764705883,2022-08-21
2022-08-21,27220.823529411766,121.29411764705883,302173.64308202156,129628.30039698978,2330.3435166630034,222.82089185439435,13.279741702812027,0.8965936974789916,5731903.5,60209517.728889555,32756989.468716335,8537471.647058824,6773066.911764706,145.02941176470588,160.14705882352942,183.64705882352942,101.8529411764706,124.55882352941177,142.15686274509804,19.585106916184905,154.28991596638656,25.785454917170004,8,105.05882352941177,2022-08-28
2022-08-28,24801.617647058825,105.05882352941177,302173.64308202156,133126.34696561727,2158.0986187038193,210.2596673645984,12.871464391887658,0.9041567226890757,5756705.117647059,60209517.728889555,32794423.206798106,8528914.235294119,6803337.911764706,121.29411764705883,145.02941176470588,160.14705882352942,123.58823529411765,105.82352941176471,123.79411764705884,20.102225771520057,151.64285714285714,30.059377170421204,8,92.0,2022-09-04
2022-09-04,22079.29411764706,92.0,302173.64308202156,128491.39598522508,2000.5542009367127,201.45594587600297,12.768271114576734,0.9254050420168066,5778784.411764706,60209517.728889555,32831562.8419387,8469929.852941176,6813126.55882353,105.05882352941177,121.29411764705883,145.02941176470588,161.6764705882353,84.58823529411765,106.11764705882354,14.67573380209951,141.68907563025212,36.933385032670714,9,77.08823529411765,2022-09-11
2022-09-11,21605.91176470588,77.08823529411765,302173.64308202156,125149.97441659763,1880.9599632416346,193.18823879316983,12.721506408694381,0.9466747899159664,5800390.323529412,60209517.728889555,32872638.535202544,6863317.382352941,5579701.882352941,92.0,105.05882352941177,121.29411764705883,184.64705882352942,74.0,91.38235294117646,13.995519549998649,126.32352941176472,38.42661785312902,9,74.38235294117646,2022-09-18
2022-09-18,25861.676470588234,74.38235294117646,302173.64308202156,142422.41559306823,1837.682052077169,188.7236529588361,12.683271114576733,1.0165533613445379,5826252.0,60209517.728889555,32935231.398634456,7085868.764705882,5821203.264705882,77.08823529411765,92.0,105.05882352941177,183.64705882352942,71.91176470588235,81.15686274509802,9.487395268134991,110.71428571428574,33.080681988784924,9,77.97058823529412,2022-09-25
2022-09-25,30619.235294117647,77.97058823529412,302173.64308202156,151587.6410832643,1864.2735886918147,187.48505752066083,12.505918173400262,1.0308878151260505,5856871.235294118,60209517.728889555,33013965.41962939,6769603.44117647,5732619.588235294,74.38235294117646,77.08823529411765,92.0,160.14705882352942,75.11764705882354,76.48039215686275,1.8697494729195716,98.97478991596638,26.551300850721372,9,95.88235294117646,2022-10-02
2022-10-02,42567.76470588235,95.88235294117646,302173.64308202156,155819.0234362055,2028.5944170231471,196.36410914130911,12.391884559954883,1.0438815126050418,5899439.0,60209517.728889555,33104638.672255438,6889476.970588235,5722979.176470588,77.97058823529412,74.38235294117646,77.08823529411765,145.02941176470588,84.3529411764706,82.74509803921569,11.517788759183071,91.95378151260503,17.191579920633753,10,125.29411764705883,2022-10-09
2022-10-09,51184.73529411765,125.29411764705883,302173.64308202156,156184.39598522507,2271.2708876113825,214.61921118212544,12.10680052634144,0.9904651260504203,5950623.735294118,60209517.728889555,33205598.772856068,6813981.882352941,5761485.823529412,95.88235294117646,77.97058823529412,74.38235294117646,121.29411764705883,101.8529411764706,99.71568627450979,23.893512557391162,92.52521008403362,18.356377165239447,10,145.2941176470588,2022-10-16
2022-10-16,51825.882352941175,145.2941176470588,302173.64308202156,166356.39598522507,2442.449759160002,232.08799869713144,12.10680052634144,0.9113605042016806,6002449.617647059,60209517.728889555,33341230.110851645,7012187.323529412,6026580.882352941,125.29411764705883,95.88235294117646,77.97058823529412,105.05882352941177,123.58823529411765,122.15686274509802,24.85482647450162,98.27310924369748,27.13526985906123,10,151.44117647058823,2022-10-23
2022-10-23,44370.76470588235,151.44117647058823,302173.64308202156,166131.22931855844,2494.6292309487176,239.23145608008463,11.955287921299423,0.8556655462184873,6046820.382352941,60209517.728889555,33489090.81299289,6880532.44117647,5903938.794117647,145.2941176470588,125.29411764705883,95.88235294117646,92.0,161.6764705882353,140.67647058823528,13.671472837644806,106.76470588235293,33.41825399560583,10,134.3235294117647,2022-10-30
2022-10-30,32043.382352941175,134.3235294117647,302173.64308202156,163131.0028479702,2406.3615238658845,234.50936724455042,11.862094643988499,0.8479983193277311,6078863.764705882,60209517.728889555,33612792.166394636,6688650.5,5929951.617647059,151.44117647058823,145.2941176470588,125.29411764705883,77.08823529411765,184.64705882352942,143.68627450980392,8.67135109849723,114.94117647058822,31.91522977482152,10,109.1470588235294,2022-11-06
2022-11-06,23508.470588235294,109.1470588235294,302173.64308202156,143897.62735777412,2265.222268163603,226.74886304286974,11.862094643988499,0.8372239495798319,6102372.235294118,60209517.728889555,33710238.58842383,6809895.882352941,5950423.205882353,134.3235294117647,151.44117647058823,145.2941176470588,74.38235294117646,183.64705882352942,131.63725490196077,21.274636305766244,119.90756302521007,26.855756722493243,11,99.44117647058823,2022-11-13
2022-11-13,21963.147058823528,99.44117647058823,302173.64308202156,148845.75382836233,2151.762484250038,215.2080467163391,11.955371954912868,0.8650449579831934,6124335.382352941,60209517.728889555,33806569.6309012,7046705.970588235,6124273.55882353,109.1470588235294,134.3235294117647,151.44117647058823,77.97058823529412,160.14705882352942,114.30392156862744,18.003876296713255,122.9747899159664,22.066935949907702,11,96.6470588235294,2022-11-20
2022-11-20,24193.08823529412,96.6470588235294,302173.64308202156,144738.5459852251,2139.251679928309,208.84130001765965,11.807472795249003,0.9142205882352942,6148528.470588235,60209517.728889555,33886451.10860267,6868392.94117647,6173242.470588235,99.44117647058823,109.1470588235294,134.3235294117647,95.88235294117646,145.02941176470588,101.74509803921569,6.560757650311642,123.08403361344538,21.911807004628848,11,96.26470588235294,2022-11-27
2022-11-27,26302.352941176472,96.26470588235294,302173.64308202156,139384.69206365646,2159.8327123412746,207.51777060589495,11.364069433904465,0.9564903361344537,6174830.823529412,60209517.728889555,33954842.13392319,6191098.176470588,5641208.147058823,96.6470588235294,99.44117647058823,109.1470588235294,125.29411764705883,121.29411764705883,97.45098039215686,1.7341305505056408,118.93697478991596,24.065081576009682,11,105.05882352941177,2022-12-04
2022-12-04,29814.20588235294,105.05882352941177,302173.64308202156,138069.53977607476,2248.8168059787295,212.18223639220946,11.200792122980095,0.9831193277310923,6204645.029411765,60209517.728889555,34017334.103781514,7155307.0,6511790.294117647,96.26470588235294,96.6470588235294,99.44117647058823,145.2941176470588,105.05882352941177,99.32352941176471,4.970588235327873,113.18907563025209,21.375237219463067,12,119.08823529411765,2022-12-11
2022-12-11,31124.058823529413,119.08823529411765,302173.64308202156,139191.77180221854,2395.7138648022587,218.57419317492256,11.014237501131355,0.9705756302521008,6235769.088235294,60209517.728889555,34072832.1512605,6931418.323529412,6146416.44117647,105.05882352941177,96.26470588235294,96.6470588235294,151.44117647058823,92.0,106.80392156862746,11.511403002136829,108.56722689075629,13.925103606885473,12,139.73529411764707,2022-12-18
2022-12-18,30340.382352941175,139.73529411764707,302173.64308202156,141353.52343620546,2562.8675262668444,228.1768342313451,10.990918173400262,0.9168819327731093,6266109.470588235,60209517.728889555,34126717.77983194,6744207.5,6153661.117647059,119.08823529411765,105.05882352941177,96.26470588235294,134.3235294117647,77.08823529411765,121.29411764705884,17.443160287939794,109.34033613445378,15.638246238855233,12,161.1764705882353,2022-12-25
